2026-06-13,382.07
2026-06-12,382.07
2026-06-11,385.57
2026-06-10,372.1
2026-06-09,392.16
2026-06-08,396.6
2026-06-05,385.73
2026-06-04,418.91
2026-06-03,479.23
2026-06-02,481.57
2026-06-01,459.97
2026-05-29,446.77
2026-05-28,426.58
2026-05-27,421.86
2026-05-26,422.01
2026-05-22,414.14
2026-05-21,414.57
2026-05-20,417.76
2026-05-19,411.07
2026-05-18,420.71
2026-05-15,425.19
2026-05-14,439.79
2026-05-13,416.79
2026-05-12,419.3
2026-05-11,428.43
2026-05-08,430
2026-05-07,412.56
2026-05-06,425.44
2026-05-05,427.36
2026-05-04,416.5
2026-05-01,421.28
2026-04-30,417.43
2026-04-29,405.45
2026-04-28,399.83
2026-04-27,418.2
2026-04-24,422.76
2026-04-23,419.94
2026-04-22,422.65
2026-04-21,402.17
2026-04-20,399.63
2026-04-17,406.54
2026-04-16,398.47
2026-04-15,396.72
2026-04-14,380.78
2026-04-13,379.75
2026-04-10,371.55
2026-04-09,354.91
2026-04-08,350.63
2026-04-07,333.97
2026-04-06,314.43
2026-04-02,314.55
2026-04-01,313.49
2026-03-31,309.51
2026-03-30,293.41
2026-03-27,300.68
2026-03-26,309.415
2026-03-25,318.81
2026-03-24,318.29
2026-03-23,322.51
2026-03-20,310.51
2026-03-19,319.84
2026-03-18,315.93
2026-03-17,321.31
2026-03-16,324.92
2026-03-13,322.16
2026-03-12,335.97
2026-03-11,341.57
2026-03-10,342.58
2026-03-09,345.75
2026-03-06,330.48
2026-03-05,332.77
2026-03-04,317.53
2026-03-03,313.84
2026-03-02,318.82
2026-02-27,319.55
2026-02-26,321.7
2026-02-25,332.31
2026-02-24,325.49
2026-02-23,330.34
2026-02-20,332.65
2026-02-19,333.99
2026-02-18,333.51
2026-02-17,332.54
2026-02-13,325.17
2026-02-12,331.17
2026-02-11,342.76
2026-02-10,340.44
2026-02-09,343.94
2026-02-06,332.92
2026-02-05,310.51
2026-02-04,308.05
2026-02-03,320.33
2026-02-02,331.11
2026-01-30,331.3
2026-01-29,330.73
2026-01-28,333.24
2026-01-27,332.79
2026-01-26,324.85
2026-01-23,320.05
2026-01-22,325.49
2026-01-21,328.8
2026-01-20,332.6
2026-01-16,351.71
2026-01-15,343.02
2026-01-14,339.89
2026-01-13,354.61
2026-01-12,352.21
2026-01-09,344.97
2026-01-08,332.48
2026-01-07,343.5
2026-01-06,343.77
2026-01-05,343.42
2026-01-02,347.62
2025-12-31,346.1
2025-12-30,349.85
2025-12-29,349.39
2025-12-26,352.13
2025-12-24,350.22
2025-12-23,349.32
2025-12-22,341.45
2025-12-19,340.36
2025-12-18,329.88
2025-12-17,326.02
2025-12-16,341.3
2025-12-15,339.81
2025-12-12,359.93
2025-12-11,406.37
2025-12-10,412.97
2025-12-09,406.29
2025-12-08,401.1
2025-12-05,390.24
2025-12-04,381.03
2025-12-03,380.61
2025-12-02,381.57
2025-12-01,386.08
2025-11-28,402.96
2025-11-26,397.57
2025-11-25,385.03
2025-11-24,377.96
2025-11-21,340.2
2025-11-20,346.82
2025-11-19,354.42
2025-11-18,340.5
2025-11-17,342.65
2025-11-14,342.46
2025-11-13,339.98
2025-11-12,355.22
2025-11-11,351.96
2025-11-10,358.39
2025-11-07,349.43
2025-11-06,355.59
2025-11-05,358.98
2025-11-04,351.94
2025-11-03,362.55
2025-10-31,369.63
2025-10-30,376.47
2025-10-29,385.98
2025-10-28,372.97
2025-10-27,362.05
2025-10-24,354.13
2025-10-23,344.29
2025-10-22,340.3
2025-10-21,342.66
2025-10-20,349.24
2025-10-17,349.33
2025-10-16,354.15
2025-10-15,351.33
2025-10-14,344.13
2025-10-13,356.7
2025-10-10,324.63
2025-10-09,345.02
2025-10-08,345.5
2025-10-07,336.41
2025-10-06,335.49
2025-10-03,338.37
2025-10-02,338.18
2025-10-01,333.39
2025-09-30,329.91
2025-09-29,327.9
2025-09-26,334.53
2025-09-25,336.1
2025-09-24,339.31
2025-09-23,338.94
2025-09-22,338.79
2025-09-19,344.94
2025-09-18,345.35
2025-09-17,346.17
2025-09-16,360
2025-09-15,364.09
2025-09-12,359.87
2025-09-11,359.63
2025-09-10,369.57
2025-09-09,336.67
2025-09-08,345.65
2025-09-05,334.89
2025-09-04,306.1
2025-09-03,302.39
2025-09-02,298.24
2025-08-29,297.39
2025-08-28,308.65
2025-08-27,300.25
2025-08-26,298.01
2025-08-25,294.23
2025-08-22,294
2025-08-21,289.6
2025-08-20,291.17
2025-08-19,294.91
2025-08-18,305.76
2025-08-15,306.34
2025-08-14,311.23
2025-08-13,309.09
2025-08-12,312.83
2025-08-11,303.9
2025-08-08,304.97
2025-08-07,303.76
2025-08-06,301.67
2025-08-05,292.93
2025-08-04,297.72
2025-08-01,288.64
2025-07-31,293.7
2025-07-30,302.62
2025-07-29,297.42
2025-07-28,294.3
2025-07-25,290.18
2025-07-24,288.71
2025-07-23,283.69
2025-07-22,278.59
2025-07-21,288.21
2025-07-18,283.34
2025-07-17,286.45
2025-07-16,280.81
2025-07-15,280.94
2025-07-14,275.6
2025-07-11,274.38
2025-07-10,275.4
2025-07-09,277.9
2025-07-08,271.8
2025-07-07,274.18
2025-07-03,275.18
2025-07-02,269.9
2025-07-01,264.74
2025-06-30,275.65
2025-06-27,269.35
2025-06-26,270.17
2025-06-25,264.65
2025-06-24,263.77
2025-06-23,253.77
2025-06-20,249.99
2025-06-18,251.26
2025-06-17,249.37
2025-06-16,252.1
2025-06-13,248.7
2025-06-12,256.07
2025-06-11,252.91
2025-06-10,244.63
2025-06-09,244.28
2025-06-06,246.93
2025-06-05,259.93
2025-06-04,261.08
2025-06-03,256.85
2025-06-02,248.71
2025-05-30,242.07
2025-05-29,241.97
2025-05-28,239.43
2025-05-27,235.65
2025-05-23,228.72
2025-05-22,230.53
2025-05-21,229.73
2025-05-20,231.68
2025-05-19,230.63
2025-05-16,228.61
2025-05-15,232.64
2025-05-14,232.12
2025-05-13,232.42
2025-05-12,221.58
2025-05-09,208.2
2025-05-08,207.77
2025-05-07,204.81
2025-05-06,200.09
2025-05-05,200.72
2025-05-02,203.64
2025-05-01,197.33
2025-04-30,192.47
2025-04-29,191.17
2025-04-28,192.47
2025-04-25,192.31
2025-04-24,188.15
2025-04-23,176.91
2025-04-22,169.58
2025-04-21,166.21
2025-04-17,170.99
2025-04-16,174.61
2025-04-15,178.95
2025-04-14,178.36
2025-04-11,181.94
2025-04-10,172.3
2025-04-09,185.15
2025-04-08,156.03
2025-04-07,154.14
2025-04-04,146.29
2025-04-03,154.01
2025-04-02,172.09
2025-04-01,168.52
2025-03-31,167.43
2025-03-28,169.12
2025-03-27,171.99
2025-03-26,179.27
2025-03-25,188.26
2025-03-24,191.25
2025-03-21,191.66
2025-03-20,190.54
2025-03-19,195.57
2025-03-18,188.67
2025-03-17,194.5
2025-03-14,195.54
2025-03-13,191.36
2025-03-12,194.23
2025-03-11,190.09
2025-03-10,184.45
2025-03-07,194.96
2025-03-06,179.45
2025-03-05,191.58
2025-03-04,187.48
2025-03-03,187.37
2025-02-28,199.43
2025-02-27,197.8
2025-02-26,212.94
2025-02-25,202.54
2025-02-24,207.93
2025-02-21,218.66
2025-02-20,226.74
2025-02-19,228.73
2025-02-18,228.53
2025-02-14,233.04
2025-02-13,235.8
2025-02-12,236.35
2025-02-11,235.04
2025-02-10,235.04
2025-02-07,224.87
2025-02-06,231.36
2025-02-05,232
2025-02-04,222.43
2025-02-03,217.73
2025-01-31,221.27
2025-01-30,215.66
2025-01-29,206.35
2025-01-28,207.36
2025-01-27,202.13
2025-01-24,244.7
2025-01-23,240.28
2025-01-22,240.91
2025-01-21,240.31
2025-01-17,237.44
2025-01-16,229.41
2025-01-15,228
2025-01-14,224.7
2025-01-13,225.29
2025-01-10,224.31
2025-01-08,229.31
2025-01-07,228.64
2025-01-06,236.41
2025-01-03,232.55
2025-01-02,231.98
2024-12-31,231.84
2024-12-30,235.58
2024-12-27,241.75
2024-12-26,245.36
2024-12-24,239.68
2024-12-23,232.35
2024-12-20,220.79
2024-12-19,218.32
2024-12-18,223.62
2024-12-17,240.23
2024-12-16,250
2024-12-13,224.8
2024-12-12,180.66
2024-12-11,183.2
2024-12-10,171.81
2024-12-09,178.94
2024-12-06,179.53
2024-12-05,170.47
2024-12-04,170.56
2024-12-03,168.15
2024-12-02,166.51
2024-11-29,162.08
2024-11-27,159.67
2024-11-26,164.74
2024-11-25,164.82
2024-11-22,164.23
2024-11-21,163.94
2024-11-20,163.25
2024-11-19,165.35
2024-11-18,165.67
2024-11-15,164.84
2024-11-14,170.38
2024-11-13,173.58
2024-11-12,176.22
2024-11-11,178.91
2024-11-08,183.64
2024-11-07,183.81
2024-11-06,179.55
2024-11-05,173.9
2024-11-04,168.55
2024-11-01,168.92
2024-10-31,169.77
2024-10-30,176.64
2024-10-29,179.24
2024-10-28,172.02
2024-10-25,173
2024-10-24,171.35
2024-10-23,173.51
2024-10-22,179.38
2024-10-21,179.99
2024-10-18,179.89
2024-10-17,181.53
2024-10-16,176.82
2024-10-15,175.98
2024-10-14,182.31
2024-10-11,181.48
2024-10-10,185.69
2024-10-09,185.95
2024-10-08,180.73
2024-10-07,175.08
2024-10-04,176.64
2024-10-03,171.89
2024-10-02,170.66
2024-10-01,167.47
2024-09-30,172.5
2024-09-27,172.69
2024-09-26,178.09
2024-09-25,175.52
2024-09-24,174.84
2024-09-23,172.94
2024-09-20,171.1
2024-09-19,167.42
2024-09-18,161.67
2024-09-17,162.47
2024-09-16,164.02
2024-09-13,167.69
2024-09-12,164.56
2024-09-11,158.27
2024-09-10,148.21
2024-09-09,140.82
2024-09-06,137
2024-09-05,152.82
2024-09-04,154.12
2024-09-03,152.79
2024-08-30,162.82
2024-08-29,156.93
2024-08-28,158.18
2024-08-27,161.39
2024-08-26,159.62
2024-08-23,166.36
2024-08-22,162.34
2024-08-21,165.78
2024-08-20,165.95
2024-08-19,167.71
2024-08-16,165.72
2024-08-15,166.13
2024-08-14,157.69
2024-08-13,156.16
2024-08-12,148.62
2024-08-09,148.26
2024-08-08,145.74
2024-08-07,136.27
2024-08-06,143.92
2024-08-05,142.08
2024-08-02,143.82
2024-08-01,147.02
2024-07-31,160.68
2024-07-30,143.52
2024-07-29,150.22
2024-07-26,151.63
2024-07-25,149.26
2024-07-24,151.34
2024-07-23,163.77
2024-07-22,161.06
2024-07-19,157.35
2024-07-18,160.52
2024-07-17,155.98
2024-07-16,169.38
2024-07-15,171.42
2024-07-12,170.07
2024-07-11,170.6
2024-07-10,174.47
2024-07-09,173.33
2024-07-08,174.59
2024-07-05,170.33
2024-07-03,172.92
2024-07-02,165.75
2024-07-01,164.08
2024-06-28,160.55
2024-06-27,158.67
2024-06-26,159.2
2024-06-25,158.08
2024-06-24,159.22
2024-06-21,165.86
2024-06-20,173.46
2024-06-18,180.25
2024-06-17,182.89
2024-06-14,173.5
2024-06-13,167.9
2024-06-12,149.55
2024-06-11,146.1
2024-06-10,144.05
2024-06-07,140.66
2024-06-06,140.13
2024-06-05,141.31
2024-06-04,133.08
2024-06-03,132.19
2024-05-31,132.85
2024-05-30,136.41
2024-05-29,139.07
2024-05-28,141.25
2024-05-24,140.78
2024-05-23,139.33
2024-05-22,139.22
2024-05-21,139.92
2024-05-20,141.4
2024-05-17,139.53
2024-05-16,141.21
2024-05-15,143.62
2024-05-14,138
2024-05-13,133.75
2024-05-10,133.28
2024-05-09,130.57
2024-05-08,132.54
2024-05-07,130.31
2024-05-06,131.03
2024-05-03,127.81
2024-05-02,123.86
2024-05-01,124.29
2024-04-30,130.03
2024-04-29,133.86
2024-04-26,134.41
2024-04-25,129.44
2024-04-24,125.68
2024-04-23,124.92
2024-04-22,122.45
2024-04-19,120.47
2024-04-18,125.9
2024-04-17,128.26
2024-04-16,132.91
2024-04-15,131.07
2024-04-12,134.41
2024-04-11,138.25
2024-04-10,132.24
2024-04-09,133.41
2024-04-08,133.61
2024-04-05,133.94
2024-04-04,131.75
2024-04-03,136.32
2024-04-02,133.88
2024-04-01,135.03
2024-03-28,132.54
2024-03-27,131.87
2024-03-26,133.15
2024-03-25,135.16
2024-03-22,135.35
2024-03-21,134.8
2024-03-20,127.6
2024-03-19,123.8
2024-03-18,123.72
2024-03-15,123.55
2024-03-14,126.23
2024-03-13,125.79
2024-03-12,129.19
2024-03-11,129.31
2024-03-08,130.87
2024-03-07,140.7
2024-03-06,135
2024-03-05,134.28
2024-03-04,140.23
2024-03-01,139.92
2024-02-29,130.05
2024-02-28,128.94
2024-02-27,129.62
2024-02-26,130.91
2024-02-23,129.64
2024-02-22,130.49
2024-02-21,122.75
2024-02-20,122.66
2024-02-16,124.55
2024-02-15,126.51
2024-02-14,126.22
2024-02-13,125.17
2024-02-12,126.5
2024-02-09,128.34
2024-02-08,127.48
2024-02-07,125.71
2024-02-06,122.27
2024-02-05,124.31
2024-02-02,122.43
2024-02-01,120
2024-01-31,118
2024-01-30,120.82
2024-01-29,121.78
2024-01-26,120.49
2024-01-25,123
2024-01-24,125.39
2024-01-23,122.63
2024-01-22,122.05
2024-01-19,121.12
2024-01-18,114.39
2024-01-17,110.37
2024-01-16,111.5
2024-01-12,110.77
2024-01-11,110
2024-01-10,108.06
2024-01-09,108.25
2024-01-08,107.49
2024-01-05,104.93
2024-01-04,104.9
2024-01-03,105.86
2024-01-02,108.54
2023-12-29,111.63
2023-12-28,112.24
2023-12-27,112.62
2023-12-26,113.19
2023-12-22,112.2
2023-12-21,112.73
2023-12-20,111.04
2023-12-19,113.96
2023-12-18,114.7
2023-12-15,112.97
2023-12-14,110.65
2023-12-13,108.97
2023-12-12,107.23
2023-12-11,102.92
2023-12-08,94.43
2023-12-07,92.23
2023-12-06,90.36
2023-12-05,91.31
2023-12-04,92.4
2023-12-01,93
2023-11-30,92.57
2023-11-29,94.08
2023-11-28,94.64
2023-11-27,95.02
2023-11-24,97.89
2023-11-22,97.2
2023-11-21,98.12
2023-11-20,99.57
2023-11-17,97.77
2023-11-16,95.96
2023-11-15,97.54
2023-11-14,97.3
2023-11-13,94.69
2023-11-10,95.75
2023-11-09,91.14
2023-11-08,91.11
2023-11-07,89.78
2023-11-06,88.08
2023-11-03,88.27
2023-11-02,87.13
2023-11-01,85.29
2023-10-31,84.14
2023-10-30,84.13
2023-10-27,83.84
2023-10-26,82.68
2023-10-25,84.96
2023-10-24,88.11
2023-10-23,86.22
2023-10-20,85.36
2023-10-19,86.78
2023-10-18,88.7
2023-10-17,88.44
2023-10-16,90.26
2023-10-13,88.32
2023-10-12,90.56
2023-10-11,87.46
2023-10-10,85.84
2023-10-09,85.59
2023-10-06,84.53
2023-10-05,82.39
2023-10-04,82.38
2023-10-03,81.48
2023-10-02,83.5
2023-09-29,83.06
2023-09-28,83.2
2023-09-27,81.68
2023-09-26,81.62
2023-09-25,83.39
2023-09-22,82.91
2023-09-21,80.84
2023-09-20,83.06
2023-09-19,84.92
2023-09-18,85
2023-09-15,85.17
2023-09-14,87.16
2023-09-13,85.29
2023-09-12,84.45
2023-09-11,85.91
2023-09-08,85.76
2023-09-07,85.7
2023-09-06,87.23
2023-09-05,87.22
2023-09-01,87.25
2023-08-31,92.29
2023-08-30,89.23
2023-08-29,88.99
2023-08-28,86.11
2023-08-25,85.18
2023-08-24,85.45
2023-08-23,87.66
2023-08-22,85.58
2023-08-21,86.51
2023-08-18,82.58
2023-08-17,82.71
2023-08-16,83.3
2023-08-15,84.25
2023-08-14,85.41
2023-08-11,82.98
2023-08-10,84.29
2023-08-09,85.07
2023-08-08,88.32
2023-08-07,89.71
2023-08-04,88.17
2023-08-03,88.5
2023-08-02,89.23
2023-08-01,92
2023-07-31,89.87
2023-07-28,89.98
2023-07-27,89.35
2023-07-26,89.31
2023-07-25,91.8
2023-07-24,90.16
2023-07-21,89.68
2023-07-20,88.83
2023-07-19,90.14
2023-07-18,90.34
2023-07-17,91.04
2023-07-14,88.86
2023-07-13,89.04
2023-07-12,89
2023-07-11,88.21
2023-07-10,87.77
2023-07-07,84.68
2023-07-06,84.8
2023-07-05,86.19
2023-07-03,87.64
2023-06-30,86.74
2023-06-29,86.26
2023-06-28,84.79
2023-06-27,84.84
2023-06-26,82.16
2023-06-23,82.22
2023-06-22,84.24
2023-06-21,84.77
2023-06-20,86.8
2023-06-16,86.81
2023-06-15,88.34
2023-06-14,88.62
2023-06-13,85.11
2023-06-12,85.54
2023-06-09,80.46
2023-06-08,80.42
2023-06-07,79.26
2023-06-06,79
2023-06-05,80.23
2023-06-02,81.2
2023-06-01,79
2023-05-31,80.8
2023-05-30,80.33
2023-05-26,81.27
2023-05-25,72.88
2023-05-24,67.95
2023-05-23,68.65
2023-05-22,67.84
2023-05-19,68.22
2023-05-18,67.79
2023-05-17,65.75
2023-05-16,64.14
2023-05-15,63.98
2023-05-12,63.12
2023-05-11,62.77
2023-05-10,62.63
2023-05-09,61.85
2023-05-08,62.91
2023-05-05,63.01
2023-05-04,61.02
2023-05-03,61.32
2023-05-02,61.23
2023-05-01,63.8
2023-04-28,62.65
2023-04-27,61.84
2023-04-26,61.62
2023-04-25,62.2
2023-04-24,63.45
2023-04-21,63.29
2023-04-20,63.3
2023-04-19,63.45
2023-04-18,63.23
2023-04-17,62.74
2023-04-14,61.95
2023-04-13,62.42
2023-04-12,61.67
2023-04-11,62.16
2023-04-10,62.74
2023-04-06,62.26
2023-04-05,62.9
2023-04-04,63.44
2023-04-03,64.25
2023-03-31,64.15
2023-03-30,63.38
2023-03-29,62.55
2023-03-28,62.47
2023-03-27,62.68
2023-03-24,63.62
2023-03-23,63.92
2023-03-22,63.09
2023-03-21,63.68
2023-03-20,64.37
2023-03-17,63.1
2023-03-16,63.65
2023-03-15,62.6
2023-03-14,63.25
2023-03-13,61.65
2023-03-10,61.48
2023-03-09,62.25
2023-03-08,63.23
2023-03-07,62.52
2023-03-06,63.29
2023-03-03,63.28
2023-03-02,59.87
2023-03-01,59.36
2023-02-28,59.43
2023-02-27,58.55
2023-02-24,57.78
2023-02-23,58.38
2023-02-22,57.62
2023-02-21,58.15
2023-02-17,59.56
2023-02-16,60.05
2023-02-15,60.77
2023-02-14,60.23
2023-02-13,60.11
2023-02-10,59.33
2023-02-09,59.94
2023-02-08,60.17
2023-02-07,61.45
2023-02-06,60.13
2023-02-03,59.76
2023-02-02,60.58
2023-02-01,60.28
2023-01-31,58.5
2023-01-30,58.15
2023-01-27,59.1
2023-01-26,59.86
2023-01-25,58.57
2023-01-24,58.5
2023-01-23,58.16
2023-01-20,57.08
2023-01-19,56.32
2023-01-18,57.43
2023-01-17,57.92
2023-01-13,57.9
2023-01-12,58.19
2023-01-11,57.81
2023-01-10,57.49
2023-01-09,57.69
2023-01-06,58.84
2023-01-05,55.5
2023-01-04,56.02
2023-01-03,55.35
2022-12-30,55.91
2022-12-29,55.78
2022-12-28,54.49
2022-12-27,55.35
2022-12-23,55.24
2022-12-22,55.31
2022-12-21,56.12
2022-12-20,54.4
2022-12-19,54.96
2022-12-16,55.59
2022-12-15,55.8
2022-12-14,57.44
2022-12-13,57.1
2022-12-12,55.66
2022-12-09,54.47
2022-12-08,53.11
2022-12-07,51.85
2022-12-06,52.58
2022-12-05,53.06
2022-12-02,54.08
2022-12-01,55.08
2022-11-30,55.1
2022-11-29,52.14
2022-11-28,52.22
2022-11-25,52.99
2022-11-23,53.36
2022-11-22,53.01
2022-11-21,51.74
2022-11-18,51.52
2022-11-17,51.21
2022-11-16,51.17
2022-11-15,52.44
2022-11-14,51.32
2022-11-11,51.81
2022-11-10,50.66
2022-11-09,46.95
2022-11-08,48.21
2022-11-07,47.52
2022-11-04,46.53
2022-11-03,44.41
2022-11-02,45.6
2022-11-01,46.79
2022-10-31,47.01
2022-10-28,47.29
2022-10-27,45.54
2022-10-26,46.12
2022-10-25,46.01
2022-10-24,45.65
2022-10-21,44.97
2022-10-20,43.03
2022-10-19,43.53
2022-10-18,43.48
2022-10-17,43.54
2022-10-14,42.71
2022-10-13,43.8
2022-10-12,43.06
2022-10-11,43.08
2022-10-10,43.77
2022-10-07,46.05
2022-10-06,47.95
2022-10-05,48.48
2022-10-04,47.99
2022-10-03,45.68
2022-09-30,44.4
2022-09-29,45.01
2022-09-28,46.6
2022-09-27,46.48
2022-09-26,46.23
2022-09-23,46.87
2022-09-22,47.76
2022-09-21,48.21
2022-09-20,49.31
2022-09-19,50.18
2022-09-16,50.25
2022-09-15,50.01
2022-09-14,51.08
2022-09-13,50.37
2022-09-12,52.91
2022-09-09,52.24
2022-09-08,51.19
2022-09-07,50.51
2022-09-06,49.82
2022-09-02,50.02
2022-09-01,49.2
2022-08-31,49.91
2022-08-30,50.64
2022-08-29,51.42
2022-08-26,52.09
2022-08-25,55.01
2022-08-24,53.08
2022-08-23,52.98
2022-08-22,52.88
2022-08-19,54.84
2022-08-18,55.85
2022-08-17,53.86
2022-08-16,55.17
2022-08-15,55.9
2022-08-12,55.82
2022-08-11,54.54
2022-08-10,55.04
2022-08-09,53.28
2022-08-08,54.55
2022-08-05,55.14
2022-08-04,55.28
2022-08-03,54.67
2022-08-02,53.12
2022-08-01,53.64
2022-07-29,53.55
2022-07-28,53.36
2022-07-27,52.78
2022-07-26,51.11
2022-07-25,51.31
2022-07-22,51.25
2022-07-21,51.77
2022-07-20,51.18
2022-07-19,50.9
2022-07-18,49.11
2022-07-15,49.45
2022-07-14,48.46
2022-07-13,48.17
2022-07-12,48.14
2022-07-11,48.29
2022-07-08,49.87
2022-07-07,49.85
2022-07-06,48.26
2022-07-05,47.63
2022-07-01,47.78
2022-06-30,48.58
2022-06-29,49.04
2022-06-28,49.85
2022-06-27,50.57
2022-06-24,50.91
2022-06-23,49.66
2022-06-22,49.61
2022-06-21,50.38
2022-06-17,49.87
2022-06-16,49.72
2022-06-15,52.67
2022-06-14,52.02
2022-06-13,51.76
2022-06-10,54.13
2022-06-09,55.62
2022-06-08,56.54
2022-06-07,57.3
2022-06-06,56.12
2022-06-03,56.33
2022-06-02,57.67
2022-06-01,57.36
2022-05-31,58.01
2022-05-27,58.33
2022-05-26,55.07
2022-05-25,53.16
2022-05-24,52.42
2022-05-23,52.64
2022-05-20,54.32
2022-05-19,54.62
2022-05-18,57.06
2022-05-17,60.82
2022-05-16,58.27
2022-05-13,58.82
2022-05-12,57.16
2022-05-11,56.71
2022-05-10,58.14
2022-05-09,56.29
2022-05-06,58.01
2022-05-05,58
2022-05-04,60.37
2022-05-03,58.12
2022-05-02,57.64
2022-04-29,55.44
2022-04-28,57.89
2022-04-27,55.95
2022-04-26,56.01
2022-04-25,58.79
2022-04-22,58.7
2022-04-21,59.27
2022-04-20,59.77
2022-04-19,59.76
2022-04-18,58.65
2022-04-14,57.39
2022-04-13,59.25
2022-04-12,58.51
2022-04-11,58.06
2022-04-08,58.7
2022-04-07,60.31
2022-04-06,60.2
2022-04-05,61.41
2022-04-04,63.49
2022-04-01,62.7
2022-03-31,62.97
2022-03-30,63.11
2022-03-29,64.15
2022-03-28,63.29
2022-03-25,62.89
2022-03-24,62.64
2022-03-23,59.94
2022-03-22,61.13
2022-03-21,60.13
2022-03-18,61.04
2022-03-17,60.27
2022-03-16,60.71
2022-03-15,59.28
2022-03-14,56.78
2022-03-11,57.79
2022-03-10,58.77
2022-03-09,59.7
2022-03-08,57.6
2022-03-07,57.07
2022-03-04,59.6
2022-03-03,57.86
2022-03-02,58.58
2022-03-01,57.01
2022-02-28,58.74
2022-02-25,58.8
2022-02-24,58
2022-02-23,56.52
2022-02-22,57.75
2022-02-18,58
2022-02-17,57.9
2022-02-16,59.72
2022-02-15,60.28
2022-02-14,57.86
2022-02-11,57.34
2022-02-10,59.14
2022-02-09,61.13
2022-02-08,60.02
2022-02-07,58.76
2022-02-04,59.02
2022-02-03,58.09
2022-02-02,60.34
2022-02-01,59.27
2022-01-31,58.59
2022-01-28,56.01
2022-01-27,54.23
2022-01-26,55.71
2022-01-25,53.41
2022-01-24,54.16
2022-01-21,53.32
2022-01-20,54.77
2022-01-19,56.4
2022-01-18,57.78
2022-01-14,59.64
2022-01-13,59.72
2022-01-12,62.2
2022-01-11,62.21
2022-01-10,62.12
2022-01-07,61.92
2022-01-06,63.7
2022-01-05,64.3
2022-01-04,67.09
2022-01-03,66.33
2021-12-31,66.54
2021-12-30,66.51
2021-12-29,67.26
2021-12-28,66.9
2021-12-27,67.43
2021-12-23,66.48
2021-12-22,65.52
2021-12-21,64.62
2021-12-20,64.5
2021-12-17,63.5
2021-12-16,62.07
2021-12-15,63.99
2021-12-14,61.49
2021-12-13,62.17
2021-12-10,63.17
2021-12-09,58.34
2021-12-08,58.86
2021-12-07,59.04
2021-12-06,56.5
2021-12-03,55.81
2021-12-02,55.25
2021-12-01,55.48
2021-11-30,55.37
2021-11-29,56.43
2021-11-26,54.66
2021-11-24,55.87
2021-11-23,55.51
2021-11-22,55.33
2021-11-19,56.87
2021-11-18,57.48
2021-11-17,56.96
2021-11-16,56.88
2021-11-15,56.58
2021-11-12,56.32
2021-11-11,55.54
2021-11-10,54.88
2021-11-09,55.78
2021-11-08,55.9
2021-11-05,55.89
2021-11-04,54.86
2021-11-03,54.24
2021-11-02,53.71
2021-11-01,52.81
2021-10-29,53.17
2021-10-28,52.96
2021-10-27,52.31
2021-10-26,53.39
2021-10-25,52.21
2021-10-22,51.54
2021-10-21,51.42
2021-10-20,50.94
2021-10-19,51.04
2021-10-18,50.34
2021-10-15,50.33
2021-10-14,49.76
2021-10-13,48.5
2021-10-12,48.53
2021-10-11,49.23
2021-10-08,49.29
2021-10-07,49.39
2021-10-06,48.88
2021-10-05,48.54
2021-10-04,47.6
2021-10-01,48.74
2021-09-30,48.49
2021-09-29,48.95
2021-09-28,49.1
2021-09-27,50.49
2021-09-24,50.49
2021-09-23,50.43
2021-09-22,50.06
2021-09-21,49.1
2021-09-20,49.48
2021-09-17,50.6
2021-09-16,50.74
2021-09-15,50.97
2021-09-14,50.19
2021-09-13,49.9
2021-09-10,49.82
2021-09-09,49.35
2021-09-08,49.44
2021-09-07,49.66
2021-09-03,49.77
2021-09-02,49.19
2021-09-01,49.32
2021-08-31,49.72
2021-08-30,49.89
2021-08-27,49.59
2021-08-26,48.57
2021-08-25,48.34
2021-08-24,48.14
2021-08-23,48.25
2021-08-20,47.52
2021-08-19,47.35
2021-08-18,46.9
2021-08-17,47.87
2021-08-16,48.81
2021-08-13,48.62
2021-08-12,48.43
2021-08-11,48.36
2021-08-10,48.23
2021-08-09,48.47
2021-08-06,48.54
2021-08-05,48.77
2021-08-04,48.78
2021-08-03,48.68
2021-08-02,48.47
2021-07-30,48.54
2021-07-29,48.41
2021-07-28,47.77
2021-07-27,47.54
2021-07-26,48.22
2021-07-23,48.32
2021-07-22,47.63
2021-07-21,47.9
2021-07-20,46.86
2021-07-19,46.57
2021-07-16,46.81
2021-07-15,47.73
2021-07-14,48.16
2021-07-13,48.4
2021-07-12,48.58
2021-07-09,48.02
2021-07-08,47.05
2021-07-07,46.95
2021-07-06,47.33
2021-07-02,46.82
2021-07-01,46.96
2021-06-30,47.68
2021-06-29,47.72
2021-06-28,47.28
2021-06-25,46.22
2021-06-24,47.01
2021-06-23,46.67
2021-06-22,46.45
2021-06-21,46.46
2021-06-18,46.35
2021-06-17,47.12
2021-06-16,46.58
2021-06-15,47.07
2021-06-14,47.58
2021-06-11,47.07
2021-06-10,46.87
2021-06-09,46.39
2021-06-08,46.35
2021-06-07,46.38
2021-06-04,47.5
2021-06-03,46.48
2021-06-02,47.37
2021-06-01,46.83
2021-05-28,47.23
2021-05-27,46.77
2021-05-26,46.05
2021-05-25,45.95
2021-05-24,45.92
2021-05-21,45.12
2021-05-20,45.5
2021-05-19,44.17
2021-05-18,43.37
2021-05-17,43.99
2021-05-14,44.16
2021-05-13,43.06
2021-05-12,42.24
2021-05-11,44.01
2021-05-10,43.61
2021-05-07,45.26
2021-05-06,44.86
2021-05-05,44.38
2021-05-04,44.45
2021-05-03,45.01
2021-04-30,45.62
2021-04-29,46.63
2021-04-28,45.92
2021-04-27,46.64
2021-04-26,47.19
2021-04-23,46.61
2021-04-22,45.51
2021-04-21,45.98
2021-04-20,45.73
2021-04-19,46.2
2021-04-16,47.88
2021-04-15,48
2021-04-14,47.73
2021-04-13,48.5
2021-04-12,48.37
2021-04-09,48.51
2021-04-08,48.55
2021-04-07,48.25
2021-04-06,48.39
2021-04-05,48.85
2021-04-01,47.6
2021-03-31,46.37
2021-03-30,45.62
2021-03-29,47.26
2021-03-26,48.2
2021-03-25,46.17
2021-03-24,45.73
2021-03-23,46.41
2021-03-22,47.53
2021-03-19,47.45
2021-03-18,46.42
2021-03-17,48.36
2021-03-16,47.82
2021-03-15,47.08
2021-03-12,45.12
2021-03-11,45.37
2021-03-10,43.76
2021-03-09,44.36
2021-03-08,42.13
2021-03-05,45.01
2021-03-04,44.36
2021-03-03,46.31
2021-03-02,48.05
2021-03-01,48.96
2021-02-26,46.99
2021-02-25,45.72
2021-02-24,48.09
2021-02-23,47.19
2021-02-22,47.64
2021-02-19,49
2021-02-18,48.33
2021-02-17,48.25
2021-02-16,48.91
2021-02-12,48.63
2021-02-11,47.84
2021-02-10,47.01
2021-02-09,47.46
2021-02-08,47.27
2021-02-05,46.6
2021-02-04,47.06
2021-02-03,46.52
2021-02-02,47.69
2021-02-01,46.67
2021-01-29,45.05
2021-01-28,45.17
2021-01-27,44.47
2021-01-26,46.39
2021-01-25,46.48
2021-01-22,46.5
2021-01-21,46.68
2021-01-20,46.19
2021-01-19,45.93
2021-01-15,44.59
2021-01-14,45.21
2021-01-13,45.12
2021-01-12,44.94
2021-01-11,44.58
2021-01-08,44.56
2021-01-07,44.34
2021-01-06,42.55
2021-01-05,42.81
2021-01-04,42.52
2020-12-31,43.79
2020-12-30,43.48
2020-12-29,42.9
2020-12-28,43.19
2020-12-24,43.15
2020-12-23,42.55
2020-12-22,43.31
2020-12-21,42.89
2020-12-18,43.46
2020-12-17,42.61
2020-12-16,42.49
2020-12-15,41.81
2020-12-14,41.18
2020-12-11,40.58
2020-12-10,41
2020-12-09,41.62
2020-12-08,42.34
2020-12-07,42.09
2020-12-04,41.17
2020-12-03,39.98
2020-12-02,40.37
2020-12-01,40.46
2020-11-30,40.16
2020-11-27,39.49
2020-11-25,39.08
2020-11-24,39.22
2020-11-23,38.7
2020-11-20,38.33
2020-11-19,38.43
2020-11-18,38.06
2020-11-17,38.06
2020-11-16,38.08
2020-11-13,37.35
2020-11-12,37.02
2020-11-11,37.59
2020-11-10,36.31
2020-11-09,37.55
2020-11-06,38.06
2020-11-05,38.09
2020-11-04,36.46
2020-11-03,35.38
2020-11-02,35.13
2020-10-30,34.96
2020-10-29,35.5
2020-10-28,34.72
2020-10-27,35.96
2020-10-26,36.3
2020-10-23,37.27
2020-10-22,37.34
2020-10-21,37.21
2020-10-20,37.7
2020-10-19,37.58
2020-10-16,37.87
2020-10-15,37.99
2020-10-14,38.03
2020-10-13,38.15
2020-10-12,38.24
2020-10-09,37.67
2020-10-08,37.33
2020-10-07,36.67
2020-10-06,36.4
2020-10-05,36.61
2020-10-02,35.68
2020-10-01,36.86
2020-09-30,36.43
2020-09-29,36.43
2020-09-28,36.73
2020-09-25,35.68
2020-09-24,35.25
2020-09-23,35.16
2020-09-22,36.16
2020-09-21,35.18
2020-09-18,35.97
2020-09-17,36.59
2020-09-16,36.7
2020-09-15,36.69
2020-09-14,36.22
2020-09-11,35.97
2020-09-10,35.71
2020-09-09,36
2020-09-08,35.05
2020-09-04,36.3
2020-09-03,35.21
2020-09-02,37.5
2020-09-01,35.95
2020-08-31,34.72
2020-08-28,34.48
2020-08-27,33.91
2020-08-26,33.97
2020-08-25,33.61
2020-08-24,33.4
2020-08-21,33
2020-08-20,32.88
2020-08-19,32.92
2020-08-18,32.86
2020-08-17,33.03
2020-08-14,32.78
2020-08-13,32.94
2020-08-12,33.36
2020-08-11,32.4
2020-08-10,32.74
2020-08-07,32.59
2020-08-06,32.92
2020-08-05,32.95
2020-08-04,32.84
2020-08-03,32.12
2020-07-31,31.68
2020-07-30,31.21
2020-07-29,30.89
2020-07-28,30.74
2020-07-27,31.27
2020-07-24,30.58
2020-07-23,30.97
2020-07-22,31.38
2020-07-21,31.43
2020-07-20,31.71
2020-07-17,31.27
2020-07-16,31.13
2020-07-15,31.38
2020-07-14,31.51
2020-07-13,31.13
2020-07-10,31.94
2020-07-09,32.15
2020-07-08,31.96
2020-07-07,31.31
2020-07-06,31.88
2020-07-02,31.55
2020-07-01,31.27
2020-06-30,31.56
2020-06-29,30.98
2020-06-26,30.74
2020-06-25,30.89
2020-06-24,30.7
2020-06-23,31.13
2020-06-22,31.35
2020-06-19,30.28
2020-06-18,31.87
2020-06-17,31.34
2020-06-16,31.07
2020-06-15,30.41
2020-06-12,30.03
2020-06-11,29.38
2020-06-10,31.5
2020-06-09,31.53
2020-06-08,31.75
2020-06-05,31.71
2020-06-04,30.89
2020-06-03,30.95
2020-06-02,29.81
2020-06-01,29
2020-05-29,29.13
2020-05-28,28.31
2020-05-27,28.76
2020-05-26,28.2
2020-05-22,27.67
2020-05-21,27.48
2020-05-20,27.87
2020-05-19,27.2
2020-05-18,27.35
2020-05-15,26.04
2020-05-14,26.66
2020-05-13,26.32
2020-05-12,26.85
2020-05-11,27.54
2020-05-08,27.5
2020-05-07,26.78
2020-05-06,26.42
2020-05-05,26.49
2020-05-04,26.23
2020-05-01,25.97
2020-04-30,27.16
2020-04-29,27.6
2020-04-28,26.47
2020-04-27,26.85
2020-04-24,26.48
2020-04-23,25.89
2020-04-22,26
2020-04-21,24.77
2020-04-20,25.83
2020-04-17,26.59
2020-04-16,25.83
2020-04-15,25.74
2020-04-14,26.76
2020-04-13,25.99
2020-04-09,25.43
2020-04-08,26.11
2020-04-07,25.33
2020-04-06,25.24
2020-04-03,23.43
2020-04-02,23.71
2020-04-01,22.36
2020-03-31,23.71
2020-03-30,24.01
2020-03-27,23.07
2020-03-26,24.32
2020-03-25,21.76
2020-03-24,21.28
2020-03-23,19.35
2020-03-20,19.22
2020-03-19,19.45
2020-03-18,16.79
2020-03-17,19.95
2020-03-16,18.76
2020-03-13,23.42
2020-03-12,21.88
2020-03-11,24.6
2020-03-10,26.29
2020-03-09,24.77
2020-03-06,26.95
2020-03-05,27.4
2020-03-04,28.55
2020-03-03,27.43
2020-03-02,28.5
2020-02-28,27.26
2020-02-27,27.4
2020-02-26,28.59
2020-02-25,28.27
2020-02-24,29.16
2020-02-21,30.45
2020-02-20,30.92
2020-02-19,31.57
2020-02-18,31.08
2020-02-14,31.78
2020-02-13,32.4
2020-02-12,32.47
2020-02-11,32.02
2020-02-10,31.42
2020-02-07,31.52
2020-02-06,31.97
2020-02-05,31.74
2020-02-04,31.16
2020-02-03,30.52
2020-01-31,30.52
2020-01-30,31.52
2020-01-29,31.75
2020-01-28,31.83
2020-01-27,30.9
2020-01-24,32.4
2020-01-23,31.97
2020-01-22,31.29
2020-01-21,30.81
2020-01-17,30.88
2020-01-16,30.71
2020-01-15,30.31
2020-01-14,30.82
2020-01-13,30.12
2020-01-10,29.92
2020-01-09,30.63
2020-01-08,30.87
2020-01-07,31.26
2020-01-06,31.37
2020-01-03,31.42
2020-01-02,32.24
2019-12-31,31.6
2019-12-30,31.35
2019-12-27,31.65
2019-12-26,31.8
2019-12-24,32.05
2019-12-23,31.95
2019-12-20,31.9
2019-12-19,32.41
2019-12-18,32.74
2019-12-17,32.38
2019-12-16,32.31
2019-12-13,31.54
2019-12-12,32.78
2019-12-11,31.97
2019-12-10,31.51
2019-12-09,31.44
2019-12-06,31.61
2019-12-05,31.12
2019-12-04,30.97
2019-12-03,30.65
2019-12-02,31.07
2019-11-29,31.62
2019-11-27,31.84
2019-11-26,31.63
2019-11-25,31.96
2019-11-22,31.49
2019-11-21,31.53
2019-11-20,31.17
2019-11-19,31.77
2019-11-18,31.11
2019-11-15,31.29
2019-11-14,30.9
2019-11-13,31.37
2019-11-12,31.55
2019-11-11,31.28
2019-11-08,31.34
2019-11-07,31.17
2019-11-06,31.32
2019-11-05,31.4
2019-11-04,30.5
2019-11-01,29.66
2019-10-31,29.29
2019-10-30,29.02
2019-10-29,28.82
2019-10-28,29.16
2019-10-25,28.98
2019-10-24,28.23
2019-10-23,28.03
2019-10-22,28.75
2019-10-21,28.96
2019-10-18,28.67
2019-10-17,28.94
2019-10-16,28.85
2019-10-15,29.03
2019-10-14,28.17
2019-10-11,28.09
2019-10-10,27.45
2019-10-09,27.32
2019-10-08,27.03
2019-10-07,27.61
2019-10-04,28.14
2019-10-03,27.44
2019-10-02,27.01
2019-10-01,27.49
2019-09-30,27.61
2019-09-27,27.41
2019-09-26,27.69
2019-09-25,27.58
2019-09-24,28.23
2019-09-23,28.55
2019-09-20,28.43
2019-09-19,29.06
2019-09-18,28.77
2019-09-17,28.88
2019-09-16,28.87
2019-09-13,29.03
2019-09-12,30.06
2019-09-11,29.8
2019-09-10,29.44
2019-09-09,29.26
2019-09-06,29.19
2019-09-05,29.1
2019-09-04,28.3
2019-09-03,27.41
2019-08-30,28.26
2019-08-29,28.34
2019-08-28,27.61
2019-08-27,27.56
2019-08-26,27.72
2019-08-23,27.21
2019-08-22,28.76
2019-08-21,28.75
2019-08-20,28.04
2019-08-19,27.88
2019-08-16,27.38
2019-08-15,26.86
2019-08-14,27.16
2019-08-13,28.37
2019-08-12,27.56
2019-08-09,27.57
2019-08-08,27.1
2019-08-07,27.01
2019-08-06,26.64
2019-08-05,26.77
2019-08-02,27.85
2019-08-01,28.53
2019-07-31,29
2019-07-30,29.96
2019-07-29,30.17
2019-07-26,30.09
2019-07-25,30.04
2019-07-24,30.38
2019-07-23,30.08
2019-07-22,29.62
2019-07-19,29
2019-07-18,28.98
2019-07-17,28.51
2019-07-16,28.41
2019-07-15,28.83
2019-07-12,28.54
2019-07-11,27.61
2019-07-10,27.45
2019-07-09,27.55
2019-07-08,27.5
2019-07-05,28.27
2019-07-03,28.49
2019-07-02,29.53
2019-07-01,30.04
2019-06-28,28.79
2019-06-27,28.57
2019-06-26,28.14
2019-06-25,27.65
2019-06-24,27.92
2019-06-21,27.4
2019-06-20,27.91
2019-06-19,27.75
2019-06-18,27.81
2019-06-17,26.6
2019-06-14,26.59
2019-06-13,28.16
2019-06-12,27.97
2019-06-11,28.35
2019-06-10,28.02
2019-06-07,27.49
2019-06-06,27.28
2019-06-05,26.57
2019-06-04,26.57
2019-06-03,25.32
2019-05-31,25.16
2019-05-30,25.66
2019-05-29,25.41
2019-05-28,25.45
2019-05-24,25.59
2019-05-23,26.01
2019-05-22,26.92
2019-05-21,27.53
2019-05-20,27.26
2019-05-17,28.99
2019-05-16,29.73
2019-05-15,30.44
2019-05-14,30.2
2019-05-13,29.34
2019-05-10,30.4
2019-05-09,30.41
2019-05-08,30.34
2019-05-07,30.73
2019-05-06,31.16
2019-05-03,31.57
2019-05-02,31.58
2019-05-01,31.89
2019-04-30,31.84
2019-04-29,31.27
2019-04-26,31.04
2019-04-25,31.18
2019-04-24,31.43
2019-04-23,31.56
2019-04-22,31.5
2019-04-18,31.86
2019-04-17,32.05
2019-04-16,31.85
2019-04-15,31.64
2019-04-12,31.7
2019-04-11,30.94
2019-04-10,30.75
2019-04-09,30.35
2019-04-08,30.45
2019-04-05,30.43
2019-04-04,30.2
2019-04-03,30.42
2019-04-02,30.31
2019-04-01,30.58
2019-03-29,30.07
2019-03-28,29.91
2019-03-27,29.6
2019-03-26,29.7
2019-03-25,29.22
2019-03-22,29.27
2019-03-21,29.68
2019-03-20,29.1
2019-03-19,29.93
2019-03-18,29.38
2019-03-15,29.03
2019-03-14,26.82
2019-03-13,27.12
2019-03-12,26.96
2019-03-11,26.91
2019-03-08,26.42
2019-03-07,26.55
2019-03-06,27.14
2019-03-05,27.7
2019-03-04,27.49
2019-03-01,27.28
2019-02-28,27.54
2019-02-27,27.15
2019-02-26,27.5
2019-02-25,27.86
2019-02-22,27.65
2019-02-21,28.09
2019-02-20,28.34
2019-02-19,28.17
2019-02-15,28.19
2019-02-14,28.15
2019-02-13,28.13
2019-02-12,27.94
2019-02-11,27.57
2019-02-08,27.41
2019-02-07,26.91
2019-02-06,27.62
2019-02-05,27
2019-02-04,27.21
2019-02-01,26.68
2019-01-31,26.83
2019-01-30,27.08
2019-01-29,26.63
2019-01-28,26.76
2019-01-25,26.79
2019-01-24,26.36
2019-01-23,25.75
2019-01-22,25.83
2019-01-18,26.08
2019-01-17,25.53
2019-01-16,25.17
2019-01-15,25.65
2019-01-14,25.09
2019-01-11,25.06
2019-01-10,24.95
2019-01-09,24.63
2019-01-08,23.61
2019-01-07,23.8
2019-01-04,23.32
2019-01-03,23.1
2019-01-02,25.35
2018-12-31,25.43
2018-12-28,25.36
2018-12-27,25.09
2018-12-26,24.81
2018-12-24,23.38
2018-12-21,24.49
2018-12-20,24.19
2018-12-19,24.39
2018-12-18,24.97
2018-12-17,25.41
2018-12-14,25.48
2018-12-13,25.83
2018-12-12,25.5
2018-12-11,24.68
2018-12-10,23.93
2018-12-07,22.86
2018-12-06,22.72
2018-12-04,23.2
2018-12-03,24.21
2018-11-30,23.74
2018-11-29,23.58
2018-11-28,23.52
2018-11-27,23.58
2018-11-26,23.53
2018-11-23,22.99
2018-11-21,23
2018-11-20,22.77
2018-11-19,22.91
2018-11-16,23.76
2018-11-15,23.63
2018-11-14,22.62
2018-11-13,22.48
2018-11-12,22.36
2018-11-09,23.9
2018-11-08,24.03
2018-11-07,23.44
2018-11-06,22.83
2018-11-05,22.01
2018-11-02,22.08
2018-11-01,22.99
2018-10-31,22.35
2018-10-30,22.1
2018-10-29,21.15
2018-10-26,21.32
2018-10-25,22.22
2018-10-24,21.87
2018-10-23,22.91
2018-10-22,22.86
2018-10-19,22.83
2018-10-18,22.8
2018-10-17,23.72
2018-10-16,23.83
2018-10-15,23.25
2018-10-12,23.3
2018-10-11,22.89
2018-10-10,23.18
2018-10-09,24.47
2018-10-08,24.14
2018-10-05,24.42
2018-10-04,24.82
2018-10-03,24.94
2018-10-02,24.81
2018-10-01,24.95
2018-09-28,24.67
2018-09-27,24.65
2018-09-26,24.54
2018-09-25,24.77
2018-09-24,24.95
2018-09-21,24.81
2018-09-20,24.49
2018-09-19,24.18
2018-09-18,23.97
2018-09-17,23.48
2018-09-14,23.63
2018-09-13,23.54
2018-09-12,22.99
2018-09-11,23.26
2018-09-10,24.06
2018-09-07,23.26
2018-09-06,21.6
2018-09-05,22.14
2018-09-04,21.94
2018-08-31,21.9
2018-08-30,21.67
2018-08-29,21.5
2018-08-28,21.44
2018-08-27,21.3
2018-08-24,20.9
2018-08-23,20.56
2018-08-22,20.75
2018-08-21,21.05
2018-08-20,20.67
2018-08-17,20.93
2018-08-16,20.87
2018-08-15,20.66
2018-08-14,20.73
2018-08-13,21.11
2018-08-10,21.22
2018-08-09,21.66
2018-08-08,21.95
2018-08-07,22.03
2018-08-06,21.7
2018-08-03,21.78
2018-08-02,21.64
2018-08-01,21.68
2018-07-31,22.18
2018-07-30,22.52
2018-07-27,22.11
2018-07-26,22.32
2018-07-25,22.6
2018-07-24,21.73
2018-07-23,21.67
2018-07-20,21.03
2018-07-19,21.04
2018-07-18,20.88
2018-07-17,20.83
2018-07-16,20.33
2018-07-13,20.25
2018-07-12,21
2018-07-11,24.34
2018-07-10,25.06
2018-07-09,24.74
2018-07-06,24.77
2018-07-05,24.54
2018-07-03,23.93
2018-07-02,24.21
2018-06-29,24.26
2018-06-28,24.49
2018-06-27,24.71
2018-06-26,25.15
2018-06-25,25.24
2018-06-22,25.97
2018-06-21,25.97
2018-06-20,26.12
2018-06-19,26.1
2018-06-18,26.45
2018-06-15,27.02
2018-06-14,26.85
2018-06-13,26.36
2018-06-12,26.14
2018-06-11,26.08
2018-06-08,25.8
2018-06-07,26.47
2018-06-06,26.35
2018-06-05,25.93
2018-06-04,25.84
2018-06-01,25.63
2018-05-31,25.21
2018-05-30,24.94
2018-05-29,24.97
2018-05-25,25
2018-05-24,24.35
2018-05-23,24.06
2018-05-22,23.85
2018-05-21,23.91
2018-05-18,23.6
2018-05-17,23.95
2018-05-16,24.05
2018-05-15,24.16
2018-05-14,24.48
2018-05-11,24.34
2018-05-10,24.35
2018-05-09,23.81
2018-05-08,23.89
2018-05-07,23.6
2018-05-04,23.05
2018-05-03,22.53
2018-05-02,22.87
2018-05-01,23.04
2018-04-30,22.94
2018-04-27,23.28
2018-04-26,23.04
2018-04-25,22.9
2018-04-24,22.84
2018-04-23,23.35
2018-04-20,23.71
2018-04-19,24.29
2018-04-18,24.96
2018-04-17,25.17
2018-04-16,24.94
2018-04-13,24.69
2018-04-12,23.94
2018-04-11,24.03
2018-04-10,23.98
2018-04-09,23.47
2018-04-06,22.89
2018-04-05,23.63
2018-04-04,23.7
2018-04-03,23.68
2018-04-02,22.77
2018-03-29,23.57
2018-03-28,23.67
2018-03-27,24.44
2018-03-26,24.77
2018-03-23,24.25
2018-03-22,24.36
2018-03-21,24.6
2018-03-20,24.24
2018-03-19,24.5
2018-03-16,25.49
2018-03-15,26.78
2018-03-14,26.06
2018-03-13,26.12
2018-03-12,26.28
2018-03-09,25.38
2018-03-08,24.7
2018-03-07,24.71
2018-03-06,25.1
2018-03-05,24.7
2018-03-02,25.09
2018-03-01,24.33
2018-02-28,24.65
2018-02-27,25.18
2018-02-26,25.3
2018-02-23,25.37
2018-02-22,24.94
2018-02-21,24.86
2018-02-20,24.96
2018-02-16,24.89
2018-02-15,25.18
2018-02-14,24.77
2018-02-13,24.59
2018-02-12,24.44
2018-02-09,23.55
2018-02-08,22.96
2018-02-07,23.74
2018-02-06,24.04
2018-02-05,22.81
2018-02-02,23.55
2018-02-01,23.88
2018-01-31,24.8
2018-01-30,24.1
2018-01-29,24.55
2018-01-26,25.08
2018-01-25,24.73
2018-01-24,25.69
2018-01-23,26.29
2018-01-22,26.21
2018-01-19,26.64
2018-01-18,26.98
2018-01-17,26.58
2018-01-16,26.33
2018-01-12,26.43
2018-01-11,26.35
2018-01-10,26.28
2018-01-09,26.85
2018-01-08,27.23
2018-01-05,27.16
2018-01-04,27
2018-01-03,26.99
2018-01-02,26.7
2017-12-29,25.69
2017-12-28,26.04
2017-12-27,25.91
2017-12-26,25.81
2017-12-22,26.24
2017-12-21,26.15
2017-12-20,26.56
2017-12-19,26.37
2017-12-18,26.44
2017-12-15,26.57
2017-12-14,25.93
2017-12-13,26.2
2017-12-12,25.87
2017-12-11,26
2017-12-08,25.99
2017-12-07,26.39
2017-12-06,26.39
2017-12-05,26.17
2017-12-04,26.36
2017-12-01,27.16
2017-11-30,27.79
2017-11-29,27.15
2017-11-28,27.74
2017-11-27,28.46
2017-11-24,28.24
2017-11-22,27.54
2017-11-21,27.66
2017-11-20,27.49
2017-11-17,27.19
2017-11-16,27.21
2017-11-15,26.56
2017-11-14,26.33
2017-11-13,26.5
2017-11-10,26.5
2017-11-09,26.56
2017-11-08,27.24
2017-11-07,27.13
2017-11-06,27.75
2017-11-03,27.36
2017-11-02,25.95
2017-11-01,25.93
2017-10-31,26.39
2017-10-30,26.12
2017-10-27,25.29
2017-10-26,24.38
2017-10-25,24.58
2017-10-24,24.77
2017-10-23,24.43
2017-10-20,24.42
2017-10-19,24.43
2017-10-18,24.4
2017-10-17,24.26
2017-10-16,24.67
2017-10-13,24.8
2017-10-12,24.87
2017-10-11,25.04
2017-10-10,24.6
2017-10-09,24.64
2017-10-06,24.57
2017-10-05,24.37
2017-10-04,24.2
2017-10-03,23.95
2017-10-02,24.05
2017-09-29,24.25
2017-09-28,24.29
2017-09-27,24.06
2017-09-26,23.73
2017-09-25,23.55
2017-09-22,23.92
2017-09-21,24.04
2017-09-20,24.29
2017-09-19,24.98
2017-09-18,24.98
2017-09-15,25.06
2017-09-14,24.7
2017-09-13,24.62
2017-09-12,24.71
2017-09-11,24.77
2017-09-08,24.41
2017-09-07,24.66
2017-09-06,24.94
2017-09-05,24.91
2017-09-01,25.27
2017-08-31,25.21
2017-08-30,24.6
2017-08-29,24.17
2017-08-28,24.33
2017-08-25,24.56
2017-08-24,25.51
2017-08-23,25.69
2017-08-22,25.52
2017-08-21,24.96
2017-08-18,24.94
2017-08-17,24.7
2017-08-16,25.34
2017-08-15,25.37
2017-08-14,25.09
2017-08-11,24.42
2017-08-10,24.07
2017-08-09,24.92
2017-08-08,25.14
2017-08-07,25.24
2017-08-04,24.92
2017-08-03,25.03
2017-08-02,25.34
2017-08-01,24.84
2017-07-31,24.67
2017-07-28,25.04
2017-07-27,25.1
2017-07-26,25.7
2017-07-25,25.43
2017-07-24,25.3
2017-07-21,25.31
2017-07-20,25.34
2017-07-19,25.44
2017-07-18,25.09
2017-07-17,24.9
2017-07-14,25.03
2017-07-13,24.73
2017-07-12,24.64
2017-07-11,24.09
2017-07-10,24.18
2017-07-07,23.96
2017-07-06,23.5
2017-07-05,23.16
2017-07-03,22.98
2017-06-30,23.31
2017-06-29,23.4
2017-06-28,24.11
2017-06-27,23.53
2017-06-26,24.28
2017-06-23,24.53
2017-06-22,24.4
2017-06-21,24.51
2017-06-20,24
2017-06-19,24.12
2017-06-16,23.63
2017-06-15,23.8
2017-06-14,24.05
2017-06-13,24.29
2017-06-12,24.27
2017-06-09,24.33
2017-06-08,25.5
2017-06-07,25.43
2017-06-06,25.39
2017-06-05,25.22
2017-06-02,25.45
2017-06-01,23.46
2017-05-31,23.95
2017-05-30,23.98
2017-05-26,24.12
2017-05-25,24.09
2017-05-24,23.96
2017-05-23,23.65
2017-05-22,23.84
2017-05-19,23.41
2017-05-18,23.77
2017-05-17,23.12
2017-05-16,24.07
2017-05-15,23.9
2017-05-12,23.6
2017-05-11,23.11
2017-05-10,23.13
2017-05-09,22.85
2017-05-08,22.51
2017-05-05,22.65
2017-05-04,22.34
2017-05-03,22.49
2017-05-02,22.55
2017-05-01,22.13
2017-04-28,22.08
2017-04-27,22.31
2017-04-26,22.17
2017-04-25,22.32
2017-04-24,22.12
2017-04-21,21.77
2017-04-20,21.82
2017-04-19,21.36
2017-04-18,21.31
2017-04-17,21.39
2017-04-13,21.13
2017-04-12,20.92
2017-04-11,21.76
2017-04-10,21.8
2017-04-07,21.83
2017-04-06,21.75
2017-04-05,21.71
2017-04-04,21.9
2017-04-03,21.88
2017-03-31,21.9
2017-03-30,22
2017-03-29,22.13
2017-03-28,22.1
2017-03-27,21.91
2017-03-24,21.9
2017-03-23,21.69
2017-03-22,21.74
2017-03-21,21.6
2017-03-20,22.12
2017-03-17,22.12
2017-03-16,22.24
2017-03-15,22.59
2017-03-14,22.44
2017-03-13,22.65
2017-03-10,22.64
2017-03-09,22.2
2017-03-08,21.96
2017-03-07,21.93
2017-03-06,21.79
2017-03-03,21.83
2017-03-02,21.73
2017-03-01,21.51
2017-02-28,21.09
2017-02-27,21.33
2017-02-24,21.04
2017-02-23,21.06
2017-02-22,21.42
2017-02-21,21.28
2017-02-17,21.04
2017-02-16,20.82
2017-02-15,20.6
2017-02-14,20.53
2017-02-13,20.67
2017-02-10,20.55
2017-02-09,20.53
2017-02-08,20.69
2017-02-07,20.59
2017-02-06,20.66
2017-02-03,20.62
2017-02-02,20.41
2017-02-01,20.37
2017-01-31,19.95
2017-01-30,20.32
2017-01-27,20.57
2017-01-26,20.42
2017-01-25,20.25
2017-01-24,19.77
2017-01-23,19.1
2017-01-20,19.11
2017-01-19,18.56
2017-01-18,18.5
2017-01-17,17.91
2017-01-13,18.05
2017-01-12,17.89
2017-01-11,17.94
2017-01-10,18.06
2017-01-09,17.7
2017-01-06,17.66
2017-01-05,17.43
2017-01-04,17.71
2017-01-03,17.83
2016-12-30,17.68
2016-12-29,17.99
2016-12-28,18.02
2016-12-27,18.23
2016-12-23,18.19
2016-12-22,18.06
2016-12-21,18.23
2016-12-20,18.21
2016-12-19,18.05
2016-12-16,17.84
2016-12-15,18
2016-12-14,17.76
2016-12-13,17.94
2016-12-12,17.82
2016-12-09,17.91
2016-12-08,17.07
2016-12-07,16.86
2016-12-06,16.48
2016-12-05,16.61
2016-12-02,16.42
2016-12-01,16.28
2016-11-30,17.05
2016-11-29,17.55
2016-11-28,17.47
2016-11-25,17.68
2016-11-23,17.71
2016-11-22,17.7
2016-11-21,17.26
2016-11-18,16.82
2016-11-17,16.7
2016-11-16,16.78
2016-11-15,16.65
2016-11-14,16.38
2016-11-11,16.75
2016-11-10,16.79
2016-11-09,17.34
2016-11-08,17.7
2016-11-07,17.7
2016-11-04,17.22
2016-11-03,17.3
2016-11-02,17.26
2016-11-01,16.88
2016-10-31,17.03
2016-10-28,16.93
2016-10-27,17.22
2016-10-26,17.3
2016-10-25,17.36
2016-10-24,17.66
2016-10-21,17.29
2016-10-20,17.34
2016-10-19,17.19
2016-10-18,17.22
2016-10-17,16.89
2016-10-14,17.01
2016-10-13,16.89
2016-10-12,17.05
2016-10-11,17.12
2016-10-10,17.48
2016-10-07,17.42
2016-10-06,17.42
2016-10-05,17.35
2016-10-04,16.91
2016-10-03,17.01
2016-09-30,17.25
2016-09-29,17.25
2016-09-28,17.07
2016-09-27,17.09
2016-09-26,16.67
2016-09-23,16.67
2016-09-22,16.88
2016-09-21,16.98
2016-09-20,16.82
2016-09-19,17.07
2016-09-16,17.12
2016-09-15,17.27
2016-09-14,16.96
2016-09-13,16.52
2016-09-12,16.45
2016-09-09,16.08
2016-09-08,16.84
2016-09-07,16.89
2016-09-06,17.11
2016-09-02,17.31
2016-09-01,17.71
2016-08-31,17.64
2016-08-30,17.7
2016-08-29,17.74
2016-08-26,17.72
2016-08-25,17.6
2016-08-24,17.53
2016-08-23,17.73
2016-08-22,17.59
2016-08-19,17.49
2016-08-18,17.39
2016-08-17,17.3
2016-08-16,17.24
2016-08-15,17.55
2016-08-12,17.25
2016-08-11,17.21
2016-08-10,17.18
2016-08-09,17.12
2016-08-08,16.84
2016-08-05,17.01
2016-08-04,16.7
2016-08-03,16.41
2016-08-02,16.29
2016-08-01,16.35
2016-07-29,16.2
2016-07-28,16.42
2016-07-27,16.57
2016-07-26,16.34
2016-07-25,15.98
2016-07-22,15.97
2016-07-21,16.04
2016-07-20,16.27
2016-07-19,16.05
2016-07-18,16.23
2016-07-15,16.12
2016-07-14,16.08
2016-07-13,15.74
2016-07-12,15.86
2016-07-11,15.74
2016-07-08,15.51
2016-07-07,15.1
2016-07-06,15.06
2016-07-05,15.08
2016-07-01,15.42
2016-06-30,15.54
2016-06-29,15.5
2016-06-28,14.98
2016-06-27,14.36
2016-06-24,14.87
2016-06-23,15.86
2016-06-22,15.51
2016-06-21,15.58
2016-06-20,15.69
2016-06-17,15.6
2016-06-16,15.86
2016-06-15,15.84
2016-06-14,15.9
2016-06-13,16
2016-06-10,16.08
2016-06-09,16.41
2016-06-08,16.37
2016-06-07,16.48
2016-06-06,16.28
2016-06-03,16.26
2016-06-02,15.49
2016-06-01,15.48